<?xml version="1.0" encoding="utf-8"?>
<extension type="module" version="1.0.0" client="site" method="upgrade">
	<name>Smartlook</name>
	<author>Smartsupp.com</author>
	<creationDate>April 15, 2016</creationDate>
	<copyright>Copyright (C) 2016 Smartlook.com</copyright>
	<license>http://www.gnu.org/licenses/gpl-2.0.txt</license>
	<authorEmail>vladimir@smartsupp.com</authorEmail>
	<authorUrl>www.smartsupp.com</authorUrl>
	<version>1.0.0</version>
	<description>COM_MOD_SMARTLOOK_DESCRIPTION</description>
	<files>
		<folder>css</folder>
		<folder>language</folder>
		<folder>tmpl</folder>
		<filename module="mod_smartlook">mod_smartlook.php</filename>
		<filename module="mod_smartlook">helper.php</filename>
		<filename module="mod_smartlook">index.html</filename>
 	</files>
	<languages>
		<language tag="en-GB">language/en-GB/en-GB.mod_smartlook.ini</language>
		<language tag="cs-CZ">language/cs-CZ/cs-CZ.mod_smartlook.ini</language>
	</languages>
	<config>
		<fields name="params">
		  <fieldset name="basic" label="Settings">
			<field name="@spacer" type="spacer" default="" label="COM_MOD_SMARTLOOK_INTRO" description=""/>
			<field name="smartlook_code" type="textarea" default="" label="COM_MOD_SMARTLOOK_CODE" description="COM_MOD_SMARTLOOK_CODE_DESCRIPTION" class="required smartlook_code" filter="raw"/>
			<field name="@spacer1" type="spacer" default="" label="COM_MOD_SMARTLOOK_VARIABLES_DESCRIPTION" description=""/>
			<field name="smartlook_variables" type="list" default="no" label="COM_MOD_SMARTLOOK_VARIABLES" description="COM_MOD_SMARTLOOK_VARIABLES">
				<option value="yes">COM_MOD_SMARTLOOK_YES</option>
				<option value="no">COM_MOD_SMARTLOOK_NO</option>
			</field>
			<field name="smartlook_name" type="list" default="no" label="COM_MOD_SMARTLOOK_NAME" description="COM_MOD_SMARTLOOK_NAME_DESCRIPTION" showon="smartlook_variables:yes">
				<option value="yes">COM_MOD_SMARTLOOK_SHOW</option>
				<option value="no">COM_MOD_SMARTLOOK_HIDE</option>			
			</field>
			<field name="smartlook_email" type="list" default="no" label="COM_MOD_SMARTLOOK_EMAIL" description="COM_MOD_SMARTLOOK_EMAIL_DESCRIPTION" showon="smartlook_variables:yes">
				<option value="yes">COM_MOD_SMARTLOOK_SHOW</option>
				<option value="no">COM_MOD_SMARTLOOK_HIDE</option>
			</field>
		  </fieldset>
		</fields>
	</config>
</extension>